Area,Year,Value_T,Value_Y,Value_GDP,Value_Fert,Value_Prec_Anom,Value_Irig
Afghanistan,2001,1.518,0.0,182.768949,2.37,-2.5952692307692313,5.662124619658685
Afghanistan,2002,0.874,-2.127659574468088,197.213022,3.16,-1.727269230769231,4.617623709976184
Afghanistan,2003,0.472,1.4492753623188572,208.832636,3.42,0.9027307692307698,7.264280435012142
Afghanistan,2004,0.956,5.88235294117647,228.775784,4.18,-2.583269230769231,5.499894537017507
Afghanistan,2005,0.556,-15.000000000000005,254.824689,3.76,4.624730769230769,5.8390695466413485
Afghanistan,2006,1.47,0.0,279.240934,3.15,-2.5752692307692318,6.085465576365076
Afghanistan,2007,0.774,0.266666666666661,363.357619,2.07,-0.6692692307692312,5.939758400590812
Afghanistan,2008,1.768,-6.914893617021272,387.362338,1.82,0.3607307692307682,5.778563139571684
Afghanistan,2009,0.728,0.0,423.407102,1.86,0.46673076923076984,4.842282941238527
Afghanistan,2010,0.662,-14.285714285714285,521.428191,1.75,6.722730769230768,5.000395600917794
Afghanistan,2011,2.075,-16.666666666666664,593.203248,3.77,-0.5512692307692308,5.391006198074641
Afghanistan,2012,0.945,9.523809523809526,628.116539,2.3400000000000003,1.8167307692307695,5.464999736245186
Afghanistan,2013,1.518,20.485153764581103,622.100518,4.8,0.26073076923076854,5.518332893695595
Afghanistan,2014,1.207,3.1023738048797265,597.584579,9.99,-0.37726923076923136,5.742548140332366
Afghanistan,2015,1.038,-3.7856394764785923,554.403216,13.09,2.932730769230769,5.710894223160116
Afghanistan,2016,1.915,-8.430076868986722,520.252064,13.37,1.8867307692307698,6.481139541018201
Afghanistan,2017,1.515,33.308128542217105,530.149831,19.91,-2.1832692307692305,5.990503824848325
Afghanistan,2018,1.325,18.919407417799846,502.056771,16.89,-0.19726923076923164,5.122336227308603
Afghanistan,2019,1.029,-15.057142700286585,500.522664,10.67,-0.6892692307692307,6.006314127861089
Afghanistan,2020,0.799,-1.266843303488718,516.866543,8.43,-0.4512692307692312,6.506929762743716
Albania,2007,1.709,10.634558845588451,3587.70862,73.23,2.0476153846153835,17.426273458445042
Albania,2008,1.275,2.6336938907260787,4364.06141,67.66,1.07961538461538,9.991532599491956
Albania,2009,1.456,13.360323886639655,4109.893153,79.08,6.417615384615388,16.81511695663032
Albania,2010,1.16,5.15555555555557,4093.8259,76.47,11.377615384615382,17.02322483975693
Albania,2011,1.851,4.802631578947348,4444.126505,87.08,-12.750384615384618,17.01082431307244
Albania,2012,2.587,3.437962924020904,4259.667181,82.79,-8.192384615384618,17.03987347040706
Albania,2013,1.498,3.82068575201622,4425.430822,78.14999999999999,-6.894384615384617,17.28796428872231
Albania,2014,0.448,-3.886776510350655,4586.606188,78.17999999999999,28.361615384615376,12.756644440470414
Albania,2015,2.489,-2.9702970297029765,3950.390255,95.29,8.047615384615384,13.454824150557778
Albania,2016,1.136,1.3685238874256218,4117.00697,111.22,37.31161538461538,14.3014301430143
Albania,2017,2.105,2.1211692481028614,4521.752217,87.73,-8.03638461538462,14.5621022566149
Albania,2018,2.134,4.222930765382014,5268.116608,58.49,-0.4703846153846172,14.990447848146763
Albania,2019,1.902,-2.0093795338592417,5359.239078,82.77,6.305615384615379,15.247018739352642
Albania,2020,1.627,2.451442264963313,5278.222282,88.45,14.237615384615381,15.614878748750591
Algeria,2003,1.84,15.379016383038998,2117.048269,5.46,0.2731538461538463,1.8092653430462315
Algeria,2004,0.649,-3.9861000187002276,2624.793282,22.66,0.921153846153846,1.9273301737756716
Algeria,2005,1.783,6.229475624627217,3131.3283,6.68,-1.196846153846154,2.001892698551357
Algeria,2006,1.571,2.0447694914797023,3500.134528,11.82,1.3371538461538464,2.027634103105801
Algeria,2007,1.426,-13.93931123508603,3971.803658,13.32,0.6011538461538466,2.1938330262775136
Algeria,2008,1.736,24.465482745503678,4946.563793,7.640000000000001,1.4391538461538467,2.0715098404706
Algeria,2009,1.334,6.0792623939384125,3898.478923,12.739999999999998,1.0311538461538463,2.1371193813436444
Algeria,2010,1.51,7.8807840114536996,4495.921455,14.09,1.695153846153846,2.3812539275873736
Algeria,2011,1.55,8.235568939365365,5473.446129,14.05,1.0951538461538464,2.3847733642601723
Algeria,2012,2.145,3.922388903206122,5610.733341,18.99,-1.4848461538461537,2.51924057549376
Algeria,2013,0.991,-0.35253199164813737,5519.777576,19.95,-0.2528461538461535,2.6296331293708297
Algeria,2014,2.05,-1.309672324421077,5516.229431,22.57,0.2891538461538463,2.742533368733557
Algeria,2015,1.63,-1.0520016645142172,4197.417286,20.75,1.0851538461538466,2.93141951544273
Algeria,2016,1.602,2.8394716436839924,3967.200546,18.5,-0.5848461538461533,3.047635166174245
Algeria,2017,2.125,1.6479198097440622,4134.936055,18.35,-0.41284615384615364,3.160412604666875
Algeria,2019,1.985,2.2820174470449635,4021.983255,18.3,0.015153846153846295,3.3446549164851618
Austria,2003,3.295,-12.686186501613086,32226.888651,117.62,-24.734884615384615,1.1784155855858978
Austria,2005,1.099,8.815849043352909,38405.889622,113.12,13.591115384615378,1.4001680201624194
Austria,2007,1.444,-1.2424373474595478,46857.688031,116.67,17.6551153846154,1.5547153810819403
Austria,2010,1.021,-5.922185943716691,46861.265075,85.72,26.105115384615388,0.9527921704087507
Austria,2013,1.489,-6.412127300474907,50718.40733,112.39,2.693115384615396,1.9190840818730677
Austria,2016,2.058,37.27075069524466,45277.769467,118.14,29.771115384615385,1.430620522288843
Bangladesh,2004,0.259,4.55825599598214,403.127555,159.32,-65.1805,51.34613321892096
Bangladesh,2005,0.473,3.1130270350506137,408.96344,179.59,-57.686500000000024,51.12232842874021
Bangladesh,2006,0.529,-3.3314129488230386,490.585384,175.38,-41.77249999999998,52.61853448275862
Bangladesh,2013,0.753,1.6592097274861224,1130.874771,225.26,-38.80450000000002,57.9111877559819
Bangladesh,2014,0.635,0.02815066330061223,1282.106878,245.56,-38.24849999999998,57.96137339055794
Bangladesh,2015,0.877,1.3575774308474529,1449.562923,261.68,65.87549999999999,57.7470999253782
Bangladesh,2016,1.091,1.411774322415734,1651.719965,251.98,-27.238499999999988,57.684972801903086
Bangladesh,2017,1.228,2.6005342136942096,1785.962903,262.91,33.791499999999985,57.80576551588534
Bangladesh,2018,1.058,-0.15922131221242583,1931.80559,274.2,-76.51249999999999,57.71726236847299
Bangladesh,2019,1.486,0.9921869917178515,2111.416793,271.54,-61.458500000000015,78.77836304700162
Bangladesh,2020,1.189,1.0107044453857583,2231.271634,275.23,30.269499999999994,79.36140209508461
Bulgaria,2003,1.899,25.16048404805821,2670.580037,138.41,-13.035384615384615,1.4832895230942549
Bulgaria,2005,0.391,-16.273357824443764,3821.853038,70.07,23.64661538461538,1.0256410256410255
Bulgaria,2007,2.134,-15.56856211123164,5752.474864,96.12,0.6966153846153844,1.4268960125097734
Bulgaria,2010,1.599,9.944008962941952,6675.518978,92.3,2.7806153846153805,1.7814726840855106
Bulgaria,2013,1.588,43.94387742408926,7510.447193,105.06,-6.541384615384615,1.975975975975976
Bulgaria,2016,1.601,1.4753711419088664,7445.87598,132.68,-1.0813846153846143,1.850229038040231
Canada,2005,0.836,-6.93739927742006,36415.482488,65.47,2.8925769230769234,1.3705073309977942
Canada,2010,1.157,206.62905440276847,47617.911137,73.48,3.940576923076925,1.321207961564859
Canada,2015,1.294,3.201968095806161,43549.850424,96.63,-2.157423076923074,1.559886177459688
Cyprus,2001,1.13,17.62418586565568,10768.950371,105.8,-1.4266153846153848,25.0
Cyprus,2002,0.968,22.72727272727273,11589.621299,114.86,-1.1406153846153844,25.0
Cyprus,2003,1.486,-10.96319757179857,14524.084634,115.84,-0.19461538461538463,23.37662337662337
Cyprus,2004,0.614,5.76910124644656,16988.982244,95.8,-0.6486153846153844,21.7948717948718
Cyprus,2005,0.758,0.6793972611817243,18025.451043,80.75,2.1833846153846164,20.958083832335326
Cyprus,2006,1.047,20.63510260231569,19333.62713,80.36999999999999,-1.764615384615385,21.019108280254777
Cyprus,2007,1.544,-16.81847937903301,22397.271919,83.0,2.2473846153846146,20.244565217391305
Cyprus,2008,1.468,-8.967348556830139,25490.681546,80.83,1.1133846153846152,21.10726643598616
Cyprus,2009,1.267,0.5817513778322042,23352.336489,127.88,0.7893846153846154,22.41379310344828
Cyprus,2010,1.902,-14.86303694999345,22815.859262,148.88,-1.6246153846153844,21.83406113537118
Cyprus,2011,1.05,29.16726458478799,24107.721666,111.51,1.2913846153846151,21.410146173688734
Cyprus,2012,1.827,-27.423892731633842,21658.183269,147.52,2.7473846153846146,20.958083832335326
Cyprus,2013,1.306,17.532202507792917,20525.702651,136.97,3.285384615384615,21.317651382890745
Cyprus,2014,1.183,10.258189546249575,19706.983162,118.35,9.531384615384615,21.288309781611304
Cyprus,2015,1.351,-13.470227527812368,16762.108423,124.57,-0.6266153846153841,19.97158193874329
Cyprus,2016,1.792,20.253732365692116,17557.793576,154.15,-0.39061538461538436,21.47728311545845
Cyprus,2020,2.236,-0.13334188088980545,20208.098494,132.89,0.41138461538461524,21.040381733389843
Denmark,2001,0.693,-4.9509630507527955,30740.317591,134.2,9.237576923076915,7.623318385650224
Denmark,2002,2.194,-1.1792579643792305,33211.546061,128.47,9.081576923076923,7.654784240150094
Denmark,2003,1.786,-1.973358069243599,40415.598374,137.69,-1.342423076923076,7.580887885628291
Denmark,2004,0.605,1.5909098759589724,46416.919819,144.34,4.027576923076921,7.709750566893423
Denmark,2005,0.753,-0.8340493433165684,48648.209816,136.70999999999998,-4.298423076923079,9.67861100849649
Denmark,2006,2.267,-10.519541475099688,51830.895452,138.23,-0.06442307692307736,9.66789667896679
Denmark,2007,0.966,9.359250740934112,58291.894299,141.98,31.047576923076917,9.538114907998498
Denmark,2008,1.099,7.958464665867222,64214.953884,147.37,-1.1864230769230772,9.52023988005997
Denmark,2009,1.165,-0.11471278225629608,58128.307483,102.67,-2.970423076923076,9.643128321943813
Denmark,2010,0.602,-15.193978303331084,58008.293759,113.48,10.333576923076919,12.147753236862147
Denmark,2013,1.07,-1.3254009874007437,61077.489211,115.4,-4.95042307692308,9.208523592085236
Denmark,2015,0.37,-3.957953630108388,53308.197555,135.31,7.091576923076914,5.543113080645841
Denmark,2016,2.058,2.573727912067864,54866.615602,137.45999999999998,-8.27042307692308,8.304445544931623
Denmark,2017,0.929,2.8331527247101063,57888.203513,161.18,26.519576923076926,8.208870140234865
Denmark,2018,3.039,-20.456755128795663,61879.772266,133.09,-21.394423076923076,8.698955365622032
Denmark,2019,1.529,22.262399658901764,59783.649339,134.76999999999998,10.203576923076923,11.652859044198989
Denmark,2020,1.311,3.563297219553638,60975.684823,143.37,-4.634423076923078,9.007678282373156
Dominican Republic,2001,1.033,29.079447914855542,2907.837554,74.03,-2.1418846153845834,8.902186878727633
Dominican Republic,2002,0.737,-9.493560341825356,2916.935039,50.0,0.05611538461539567,7.921272365805169
Dominican Republic,2003,0.925,10.371664051921051,2285.813812,34.599999999999994,-23.6098846153846,7.774127310061601
Dominican Republic,2004,0.705,-2.1921728645447383,2458.556016,39.77,10.18011538461542,8.944973107157633
Dominican Republic,2005,1.022,22.9208804095632,3874.664528,39.15,17.066115384615415,9.937939594538683
Dominican Republic,2006,0.934,0.6156788943729012,4085.731714,54.08,-3.1898846153845852,9.193214729002896
Dominican Republic,2007,1.202,-2.611061564531183,4656.428132,63.68,8.68011538461542,8.895324782788581
Dominican Republic,2008,0.684,-5.0250797200120125,5004.524667,53.6,1.8521153846154164,8.85273258239466
Dominican Republic,2009,0.757,6.936997768605756,4982.458973,53.71,0.15011538461541818,8.969545264914476
Dominican Republic,2010,1.043,8.026267096121776,5437.899129,71.33,7.7761153846153945,8.656654151022112
Dominican Republic,2011,0.374,-0.4866918070192109,5837.316059,62.78,21.020115384615394,8.694201084689194
Dominican Republic,2018,0.868,-0.1963064650964609,7947.159354,198.28,-20.511884615384588,12.271696171263894
El Salvador,2003,0.891,-3.533238826344049,2197.481996,61.88,-13.3907307692308,2.271459312983183
El Salvador,2004,0.5,26.841529257259584,2273.955506,67.49,-4.4327307692308295,2.2019208245490742
El Salvador,2005,0.481,-23.396656672478183,2434.323766,109.86,8.467269230769205,2.4700475956015104
El Salvador,2006,0.554,-0.31745428278140725,2651.430288,78.39,39.5852692307692,2.670720683704495
El Salvador,2007,0.501,-0.9233875357528377,2814.59003,110.84,8.37526923076922,2.014017562233143
El Salvador,2008,0.242,0.033925337821463675,2964.171521,100.55,23.60126923076922,2.2626262626262625
El Salvador,2009,1.047,15.493540716408264,2889.685232,91.42,-32.62073076923082,2.553294966361352
El Salvador,2010,0.125,0.00769808486670878,3017.307793,138.53,23.1212692307692,1.3822261972518088
El Salvador,2011,0.97,-22.231612701712105,3304.97478,147.89999999999998,3.2092692307691664,1.2887438825448614
El Salvador,2012,0.747,50.62783053876798,3471.051758,116.74,-21.072730769230816,1.6118474881361478
El Salvador,2013,0.509,44.077897633973265,3555.162431,117.5,52.43326923076921,1.682534471437951
El Salvador,2014,0.825,-38.3801643774821,3638.518044,78.72,-44.97873076923082,1.7624773513424477
El Salvador,2016,1.144,-1.827846687207987,3870.312982,77.09,-1.298730769230815,1.8696977184745904
El Salvador,2018,0.911,0.014157020230384523,4145.862946,94.09,-18.3907307692308,1.8650163084385716
El Salvador,2019,1.185,-9.634728701914895,4280.287889,48.6,-51.4387307692308,2.124278665217028
El Salvador,2020,1.801,4.2417649926129775,3903.395116,66.25999999999999,2.1472692307692114,2.2915447018482893
Finland,2010,1.654,-8.581263830833535,46460.674927,76.69,3.49442307692307,0.6553514551245692
Finland,2013,2.375,18.93715065211604,49878.96031,66.56,-10.055576923076927,0.420633163604162
Finland,2014,1.565,-3.0032754763332234,50260.962457,70.65,0.5164230769230755,0.3969829297340214
Finland,2015,0.791,-10.956241818208074,42785.244935,67.81,4.420423076923072,0.3518958388317058
Finland,2016,1.882,11.448161661861485,43784.953249,65.43,13.25242307692308,0.3516483516483516
France,2005,1.591,-7.0317003310993105,36292.656003,163.34,-14.681653846153843,5.77195274647504
France,2007,0.703,12.798521377805026,43324.700838,177.95999999999998,18.666346153846163,5.175973512382687
France,2010,0.892,-3.720491614439663,42319.286943,128.39,0.9043461538461628,5.474602697199434
France,2013,0.971,4.299746504795305,44384.143626,144.61,4.330346153846165,4.947573652328341
France,2020,2.339,-1.9384482621874268,40927.520665,147.68,-7.261653846153841,6.39495598372109
Germany,2006,2.216,-12.89140949698745,36857.894794,157.01,-1.6912307692307706,1.384397497934616
Germany,2009,1.432,1.2429624457301678,41810.985396,146.17,-2.997230769230768,2.2089304749496623
Germany,2013,1.036,-11.017814482230753,45699.270788,164.33,4.602769230769226,2.189614900880398
Germany,2016,2.227,1.3492888168700525,42116.337551,158.87,-2.42923076923077,2.71204754186926
Germany,2020,1.677,9.729258012988037,46678.460745,131.92,-8.831230769230771,3.0521241337752336
Greece,2003,1.497,6.588417048328228,18173.489368,107.71,-1.9372692307692319,15.887057682985942
Greece,2005,0.748,-0.9665286754657106,22295.226403,96.98,8.338730769230772,16.61461586508432
Greece,2006,0.856,-1.1295960864545103,24608.450169,92.56,9.760730769230769,18.64428335241002
Greece,2007,1.742,4.019692188573645,28714.041508,96.91,5.690730769230768,18.67664130014188
Greece,2008,1.375,-2.539708322652484,32010.655701,81.8,-0.34326923076923066,18.62348178137652
Greece,2009,1.058,2.913869504020887,29847.631792,75.14999999999999,5.378730769230771,18.227513227513228
Greece,2010,1.597,-0.08358835924089053,26902.409436,87.46,4.61073076923077,18.320202964347708
Greece,2011,1.201,-2.25899605650157,25682.206058,75.9,-2.6412692307692325,18.658734451054624
Greece,2012,2.211,-1.4824662984652657,22076.907454,75.47,-3.275269230769233,18.907043800631605
Greece,2013,1.551,3.8265212148892163,21882.787436,80.98,-8.001269230769232,19.194743464280723
Greece,2014,0.91,14.029147910698473,21646.472167,82.24,17.09273076923077,20.238671182067407
Greece,2015,1.001,5.1042709134172,18100.431129,78.23,15.59273076923077,19.90643652201968
Greece,2016,1.444,-4.355273044966295,17955.504683,82.63,9.108730769230768,19.6870925684485
Greece,2017,1.575,6.46585821016126,18690.624484,86.33,4.028730769230769,20.43611071391474
Greece,2018,1.891,9.662542789542846,19942.072299,89.44,23.032730769230767,20.65835394118105
Greece,2019,1.584,6.523095237918968,19411.439294,93.53,-4.25526923076923,20.20265074171818
Greece,2020,1.555,-2.8215781581299093,17972.015452,99.28,8.486730769230768,16.362182360612955
Guatemala,2003,0.971,-32.789777363622655,1715.901612,69.28999999999999,-47.317499999999995,6.30632451000202
Haiti,2009,0.839,-4.166666666666662,1165.767603,7.63,-37.37130769230768,5.340439237363254
Haiti,2013,0.898,-0.03166312724965152,1401.931134,7.95,-47.87930769230769,3.8684719535783367
Honduras,2005,1.018,-6.273379324543154,1289.823137,43.9,3.820999999999998,2.591428571428571
Hungary,2003,2.756,-15.980882570430122,8428.99317,91.4,-17.655153846153844,2.5404944586530265
Hungary,2004,0.223,36.23057665471847,10314.614428,94.29,0.576846153846148,2.045020463847204
Hungary,2005,0.687,2.1979244628906778,11238.484869,81.56,18.828846153846158,1.280914207743476
Hungary,2006,1.065,-3.413829779724681,11505.905712,95.11,7.180846153846161,1.341366844551558
Hungary,2007,1.74,-11.302096704323969,13961.18812,105.85,3.1928461538461477,2.081797830204925
Hungary,2008,1.132,21.344232329372392,15795.423351,92.76,7.1428461538461505,1.3823834196891194
Hungary,2009,1.818,-6.6651269714105705,13095.692926,74.34,-7.835153846153844,1.8461006398063289
Hungary,2010,0.986,-13.446887604819063,13234.972071,80.87,40.42884615384615,0.8403518622496725
Hungary,2011,1.848,31.472334919960172,14260.903309,89.56,-10.151153846153846,1.8943226531759412
Hungary,2012,2.505,-23.56519138755983,12982.526762,95.65,-11.577153846153848,2.337954289996253
Hungary,2013,1.26,6.52283499852219,13712.912184,108.96,-5.7891538461538445,2.2598440175004755
Hungary,2014,0.91,16.262847374574914,14292.18263,108.17,25.71684615384615,1.8867781155015195
Hungary,2015,2.461,-10.795735943153597,12715.465155,109.6,-1.9651538461538465,2.361322188449848
Hungary,2016,1.76,8.453483339334515,13103.256242,132.76,15.74884615384616,1.8496781522150705
Hungary,2017,2.067,-5.914823925886457,14619.783288,146.42,0.47884615384614904,1.9121252121440693
Hungary,2018,2.892,-1.507106043568378,16423.767313,145.06,1.5748461538461527,1.8287197885196376
Hungary,2019,2.049,6.608123939282303,16781.827509,140.42000000000002,6.3088461538461615,1.9154414550966277
Hungary,2020,1.578,1.7385938568812673,16120.288034,156.47,7.6228461538461545,2.274912508919141
Iceland,2018,0.62,-33.11111111111112,74414.011454,136.28,29.675269230769246,0.0026709401709401
Iceland,2019,1.198,36.21262458471763,68813.445868,117.68,3.6652692307692405,0.0026709401709401
Iceland,2020,0.695,34.98170731707319,59166.918419,130.1,7.481269230769243,0.0026709401709401
India,2001,0.259,-1.510386759575736,454.74702,102.13,-16.737884615384615,32.20730578933663
India,2002,0.791,5.743393259062557,466.874743,94.67,-37.255884615384616,31.53300841825432
India,2003,0.593,-10.797010499279644,536.479611,98.98,-14.755884615384616,30.733596302892103
India,2004,0.326,8.592161012563118,618.807423,108.34,-17.8718846153846,31.63298683298683
India,2005,0.644,0.4346532090471467,713.306742,119.92,-5.133884615384602,32.86921377258141
India,2006,0.34,-1.581642750104918,800.995746,127.71,13.020115384615394,33.81654864206863
India,2007,0.482,-11.735554563474642,995.8247,133.4,8.442115384615391,34.932078833092085
India,2008,0.018,17.59389006359554,1050.330292,143.04,11.226115384615383,34.6501109831606
India,2009,0.986,-2.5237266826625646,1074.850493,155.82,-20.669884615384603,35.34164871048715
India,2010,0.77,5.951838635879492,1345.8016,166.11,20.484115384615393,34.49237914385793
India,2011,0.305,14.019896911781165,1488.459732,167.52,15.678115384615381,35.398786664440365
India,2012,0.769,-4.273046066010298,1460.098786,150.8,-4.543884615384599,36.32947751639372
India,2013,0.361,4.63177629163832,1484.785136,144.49,22.68411538461538,36.78560696279313
India,2014,0.763,0.7111625446694897,1562.780452,150.96,-7.915884615384613,37.899492566545
India,2015,0.879,0.8868680412666511,1622.808197,157.91,-3.2338846153845964,38.05927368860442
India,2016,0.677,-11.316332958472513,1711.137596,153.25,10.278115384615404,37.476751049683145
India,2017,0.739,8.763897942113246,1937.924543,157.44,6.492115384615403,38.30101211364233
India,2018,0.567,7.388760805560095,2018.400292,162.2,-6.615884615384601,38.78930800229063
India,2019,1.022,-3.578269585367752,2061.100834,171.76,34.37611538461539,39.96421599095126
India,2020,0.615,2.5116998118024454,1913.655366,193.61,16.452115384615382,42.26582309813232
Iran (Islamic Republic of),2008,1.834,-5.489264379373298,5870.903751,97.81,-2.285807692307692,17.470279533040593
Iran (Islamic Republic of),2009,1.306,4.256732845332589,5911.794202,81.75999999999999,0.1461923076923073,16.980178296798627
Iran (Islamic Republic of),2010,1.755,9.772571050455333,6949.406477,81.4,-0.36180769230769183,16.901378187084493
Iran (Islamic Republic of),2011,1.947,-5.382052698121367,8508.533691,43.45,0.6161923076923079,16.82207938334993
Iran (Islamic Republic of),2012,1.765,1.059042761529063,8386.563279,46.91,-0.24780769230769195,16.742277136518343
Iran (Islamic Republic of),2013,1.564,3.778348163174418,7360.991721,50.63,-0.271807692307692,16.714540627584107
Iran (Islamic Republic of),2014,1.931,8.153638272566429,5907.765574,65.27,-2.311807692307692,16.580493537015276
Iran (Islamic Republic of),2015,1.915,2.314339849689849,5100.940322,42.32,0.29619230769230764,16.580493537015276
Iran (Islamic Republic of),2016,1.902,-2.1202041381678907,5594.817006,42.370000000000005,0.3621923076923075,16.580493537015276
Iran (Islamic Republic of),2018,1.908,0.0007330510881431742,6147.867105,51.760000000000005,1.5541923076923077,16.992688905467336
Iran (Islamic Republic of),2019,2.084,-5.159265700051971,5999.658535,56.42,-0.5918076923076923,16.96616891921127
Iran (Islamic Republic of),2020,1.609,-7.430542127053476,6228.127101,61.08,-1.1458076923076925,16.95197861049738
Israel,2001,0.914,0.9583020690934668,20971.16067,209.86,0.7208076923076924,31.550802139037437
Israel,2002,0.846,-5.825826893540912,19058.290874,203.0,-0.015192307692307616,30.905861456483123
Israel,2006,0.822,-14.00028696819319,22561.983534,247.85,-0.5291923076923076,35.67216981132076
Israel,2007,1.168,19.589329499198126,25771.361314,276.82000000000005,0.4768076923076924,30.01351090523065
Israel,2009,0.991,-0.7528571265504945,28883.34413,159.43,-0.28519230769230763,28.37734404898584
Israel,2010,1.993,5.78866257873678,32019.708339,163.39,-0.30919230769230766,32.58671952428146
Israel,2013,1.063,-6.092294430137675,38071.65249,222.46,0.33880769230769237,31.88545070151836
Israel,2014,1.064,4.5774041184449095,39541.09394,199.65,2.0308076923076923,38.47870559791705
Israel,2015,1.778,-10.774447269788087,37473.348864,183.81,-0.47719230769230764,38.73384528938004
Israel,2016,1.983,6.751725101576701,39100.904722,211.23,-0.11519230769230765,55.434782608695656
Israel,2017,1.679,1.752991844150999,42756.825063,184.17,-0.36919230769230765,37.20496894409938
Israel,2018,2.021,0.6839317407944849,44184.005397,190.98,0.6748076923076923,34.07141743333854
Israel,2019,1.926,7.522169973765429,46228.897331,182.9,-0.5111923076923076,33.599624060150376
Israel,2020,1.991,-6.380828849323532,46486.025222,188.78,0.6548076923076923,33.40037128712871
Italy,2001,1.249,0.08579722130291391,20475.524112,126.24,-1.1071153846153763,15.939878725325766
Italy,2003,3.134,-9.667086351600162,27411.063575,134.2,-21.20911538461538,18.333668746226607
Italy,2005,1.237,-0.2648230825118505,31915.499489,129.3,-1.8711153846153792,17.732084690553744
Italy,2007,1.327,4.158906887395179,37601.841994,140.6,3.2048846153846213,18.82502471402344
Italy,2010,0.971,0.5364031502061019,35672.525001,89.76,12.686884615384628,16.82742640182024
Italy,2013,1.177,-0.7967593926475555,35503.615543,97.14,-4.999115384615379,19.08290535583272
Italy,2016,1.383,4.718366906500041,31201.602372,96.26,5.144884615384626,19.926631283172025
Japan,2001,0.539,3.8615433706597804,34428.716144,254.8,-10.602269230769252,32.610780740456555
Japan,2002,0.386,5.015648647457274,32857.721174,244.74,-18.368269230769243,32.52173913043478
Japan,2003,0.001,-0.49812027308294915,35446.899381,252.05,9.069730769230773,32.295719844357976
Japan,2004,1.077,-0.5209910379552523,38326.044698,246.62,-1.012269230769249,33.20939334637964
Japan,2005,0.754,-4.351934166362092,37805.383672,248.04,-29.702269230769247,33.503937007874015
Japan,2006,0.552,-3.8149081295150675,35977.988247,246.66000000000005,7.657730769230767,33.3240986266672
Japan,2007,0.831,11.741935483870968,35777.499061,274.45,-3.3682692307692434,33.20203708124453
Japan,2008,0.502,-4.97471073234947,39871.750387,197.13,-15.948269230769228,32.48519763162106
Japan,2009,0.296,-8.411828731092333,41286.41789,173.95999999999998,-23.76826923076925,32.58553451533792
Japan,2010,1.269,-6.195423121002624,44955.719083,213.8,-3.724269230769238,32.808398950131235
Japan,2011,0.763,6.166100598414995,48693.701579,209.51,39.873730769230775,31.998373653181535
Japan,2012,0.874,4.476010244324251,49058.913311,211.44,-3.6782692307692457,32.19164118246687
Japan,2013,0.976,-1.8672020075282367,40823.716381,205.25,-11.03626923076925,32.645134914145544
Japan,2014,0.494,3.816991467352329,38414.80883,212.12,0.2577307692307613,32.299794661190965
Jordan,2001,1.124,1.873670975939988,1792.657519,78.56,0.7098846153846153,7.142857142857142
Jordan,2002,0.645,11.713075409838412,1873.096074,106.36,-0.19611538461538458,7.317073170731707
Jordan,2003,1.085,7.170237453633259,1948.344263,117.49,-0.5881153846153846,7.064676616915423
Jordan,2004,0.566,13.372492654692556,2126.999577,32.87,-0.2861153846153846,7.328833172613308
Jordan,2005,0.383,-2.876149532186431,2286.084575,61.63,-0.11011538461538461,7.897334649555774
Jordan,2006,1.099,-14.578660592964935,2555.64111,38.41,-0.6741153846153846,8.25147347740668
Jordan,2007,1.441,-7.963942889164591,2725.696487,58.75,1.1118846153846156,7.47430706944877
Jordan,2008,1.195,-14.267339415851655,3416.126068,66.38000000000001,-0.3841153846153846,9.54241645244216
Jordan,2009,0.653,30.573341282771192,3618.892627,74.91,-0.2301153846153846,9.248780487804876
Jordan,2010,2.416,-3.399791742259196,3914.701234,89.13,-0.5021153846153845,9.617878878579267
Jordan,2011,0.974,21.902847996088397,4152.493982,89.02,-0.00211538461538463,9.605026929982047
Jordan,2012,2.07,-36.26030282043081,4386.461816,77.58,-0.43611538461538457,9.158771174275053
Jordan,2013,0.995,29.36935378055152,4477.618326,96.18,0.35988461538461547,9.786106378951356
Jordan,2014,0.802,5.307022732813324,4255.89431,68.28,2.4218846153846156,9.86842105263158
Jordan,2015,1.818,-18.74746142966793,4064.253016,128.29,-0.6081153846153846,9.798352740698665
Jordan,2016,1.979,54.288101763068205,4003.404749,82.27000000000001,-0.2861153846153846,10.000375248602197
Jordan,2017,2.104,-3.028240686268931,4053.539531,94.46,-0.5821153846153846,8.589870903674282
Jordan,2018,1.66,3.820141143083808,4104.488382,81.92999999999999,1.2338846153846155,8.259933450773147
Jordan,2019,2.087,-6.076145678361647,4159.653754,81.92,-0.6681153846153846,7.72407139411481
Jordan,2020,2.263,0.9623325889563765,3998.380332,60.86000000000001,0.8858846153846155,8.09718172983479
Lao People's Democratic Republic,2002,0.345,6.490872210953354,340.141534,9.93,53.82499999999999,15.916844349680174
Lao People's Democratic Republic,2007,0.681,5.882352941176486,756.455079,7.71,-13.14100000000002,13.122152205525934
Lao People's Democratic Republic,2011,0.404,3.125307662856224,1362.417326,16.09,61.204999999999984,11.421041071820778
Lao People's Democratic Republic,2012,0.747,-41.85713208116468,1565.780232,26.47,-11.600999999999999,11.615559648932711
Lao People's Democratic Republic,2013,0.581,75.03976670201486,1809.225968,22.68,6.920999999999992,12.1627408993576
Lao People's Democratic Republic,2014,1.075,17.739492616433168,1982.89067,30.81,-14.461000000000013,11.691648822269809
Lao People's Democratic Republic,2017,0.969,-29.73588911088911,2439.462412,26.8,12.194999999999993,19.434237903404316
Lao People's Democratic Republic,2018,0.777,0.41507554374897854,2553.360418,35.6,2.0889999999999986,20.084982591167307
Lao People's Democratic Republic,2019,1.729,38.2275132275132,2598.505795,48.42,-30.091000000000008,20.93273840603788
Lao People's Democratic Republic,2020,1.909,6.832562695924767,2611.685607,48.08,-54.673,21.712949286065975
Malta,2003,2.569,-15.501144491987548,13389.108032,85.67,4.85373076923077,20.192307692307693
Malta,2005,1.215,14.922016094584839,15615.322199,94.51,-0.8882692307692306,25.806451612903224
Malta,2007,1.462,-10.184126984126985,19354.296724,97.5,-2.75626923076923,30.107526881720425
Malta,2008,1.451,34.31358687968331,21990.060951,70.98,1.6517307692307703,30.107526881720425
Malta,2009,1.785,-47.005263157894746,20928.473422,49.36,5.859730769230769,30.107526881720425
Malta,2010,1.068,54.12484102205484,21556.786687,69.78999999999999,4.785730769230771,33.88189738625363
Malta,2011,1.349,21.736053021041123,22726.107332,81.78,-4.41426923076923,33.88189738625363
Malta,2012,1.988,-32.91928748876792,22010.265936,67.75,0.9577307692307695,33.98058252427184
Malta,2013,1.367,-0.22801310264863628,24108.266717,71.53,-1.5222692307692292,36.168132942326494
Malta,2014,1.328,-0.6722556153116226,26006.526373,71.78999999999999,-3.5262692307692296,36.168132942326494
Malta,2015,2.035,-36.1669718926666,24282.780999,80.88,4.67773076923077,36.168132942326494
Malta,2016,1.258,-14.866548830641694,24930.36371,81.39,5.333730769230771,33.71868978805394
Malta,2017,1.879,28.059170956062808,28122.28717,81.61,0.16173076923077012,33.71868978805394
Malta,2018,1.687,8.645905880011938,31112.647342,78.05,0.41973076923076924,33.71868978805394
Malta,2019,1.845,-3.952991452991464,31514.484999,85.21000000000001,-2.5922692307692303,33.71868978805394
Malta,2020,2.051,7.58737778818572,29175.58198,126.42,1.6577307692307706,42.7113062568606
Mauritania,2004,1.091,0.9762235036340347,827.164133,4.8100000000000005,1.8409615384615385,0.0575169982372198
Mauritius,2002,0.329,4.874607644250662,4096.606601,304.68,19.836807692307673,21.0
Mauritius,2003,0.657,-4.5105575028571945,4888.712155,286.43,7.646807692307675,22.22222222222222
Mauritius,2004,0.197,-11.853843146408128,5493.816486,294.16,-8.801192307692318,21.428571428571427
Mauritius,2005,0.283,15.131108014810374,5385.548484,336.33,21.24880769230768,21.875
Mauritius,2006,0.419,11.626401057821846,5557.395753,246.01,-0.775192307692322,22.34042553191489
Mauritius,2007,0.756,5.801118986534459,6414.491403,268.94,-4.791192307692313,22.82608695652174
Mauritius,2008,0.494,-8.920992313977289,7831.372698,217.87,41.648807692307685,23.07692307692308
Mauritius,2009,0.644,0.7196193636871642,7132.644233,217.11,14.896807692307675,23.07692307692308
Mauritius,2010,1.19,-11.876651397137323,7795.088317,155.43,24.80480769230769,21.978021978021975
Mauritius,2011,1.131,4.721325359321884,8955.132207,231.36,19.388807692307694,22.47191011235955
Mauritius,2012,0.724,9.421215245944484,9054.309833,261.11,-20.723192307692315,21.83908045977012
Mauritius,2013,0.706,1.144028308668221,9524.33542,235.59,-47.37919230769232,22.093023255813957
Mauritius,2014,0.981,0.13561848418413514,10118.410769,297.43,-38.247192307692316,19.76744186046512
Mauritius,2015,1.452,-1.69157586312568,9285.282597,174.53,20.28680769230769,19.302325581395348
Mauritius,2016,0.735,-8.149925338126959,9733.40156,259.42,-32.98919230769232,19.53488372093023
Mauritius,2017,1.621,-6.786030405143102,10591.698261,244.56,28.48680769230768,19.186046511627907
Mauritius,2018,1.151,19.086599949818584,11375.552227,177.64,-30.613192307692316,20.23255813953488
Mauritius,2019,1.511,-12.371305593804474,11134.214841,185.0,-0.751192307692321,18.139534883720927
Mauritius,2020,0.994,5.177210591324755,8782.730907,142.85,-60.76119230769232,18.37209302325581
Mexico,2003,0.848,7.052923936068546,7120.372121,61.64,-0.4328076923076907,1.9070858751759736
Mexico,2004,0.342,-4.684542791235435,7525.487461,60.31999999999999,4.539192307692318,1.952707140846392
Mexico,2005,0.906,7.121640303358595,8321.859856,69.0,-8.984807692307683,5.054893497231867
Mexico,2006,0.629,-4.256296190251972,9125.387739,62.11,10.10319230769231,5.067092052172281
Mexico,2007,0.441,8.83104050841301,9719.927864,63.94,7.241192307692316,4.97750702905342
Mexico,2008,0.244,2.473866639282803,10119.821057,50.8,15.683192307692309,5.430796768419524
Mexico,2009,1.096,0.04185198391683283,8104.922573,61.52,-14.300807692307686,5.479051829921505
Mexico,2010,0.813,0.07354634153258541,9399.964588,64.8,27.107192307692316,5.8090308132053785
Mexico,2011,1.21,-5.34781175753182,10341.499905,75.49,-6.960807692307682,6.384595645565623
Mexico,2012,0.867,2.041665431120229,10376.090768,75.87,-4.922807692307686,5.691857688634193
Mexico,2013,0.601,-0.12916716936142572,10865.687239,82.83,22.797192307692313,5.823935026033814
Mexico,2014,0.716,2.1041440954514794,11076.134114,80.72,15.279192307692313,5.943411512131892
Mexico,2019,1.497,2.114168584919689,10145.152628,95.23,-16.55880769230768,6.280565209248122
Mexico,2020,1.502,4.6491102738892645,8654.997325,90.6,-5.644807692307694,6.240606147954456
Mongolia,2015,1.247,4.301524163126247,3919.351214,17.4,-8.371346153846158,0.0397661853873169
Mongolia,2016,1.674,-13.728056278240652,3690.756778,19.44,4.360653846153845,0.0314369070521612
Mongolia,2017,2.385,-15.192306200566238,3708.248166,27.67,-8.34334615384616,0.0317272332204578
Mongolia,2018,1.665,41.65244322039373,4165.022821,31.65,7.2806538461538395,0.0321775850061269
Mongolia,2019,1.754,-14.630490042699366,4394.94715,35.099999999999994,-1.1593461538461582,0.0417205078788252
Mongolia,2020,1.47,23.002618048634005,4041.174145,33.1,8.976653846153845,0.0534163638239081
Morocco,2004,1.154,10.964978478868739,1992.40396,41.56,1.217423076923076,4.297460137811657
Morocco,2005,2.15,-1.4732780278327322,2055.236049,53.52,-5.688576923076924,4.304911800993698
Morocco,2006,1.68,10.576511492427297,2236.938577,50.3,2.515423076923076,3.879983971148067
Morocco,2007,1.028,-5.8101754282941735,2530.717576,49.23,-3.040576923076923,4.08611481975968
Morocco,2008,1.269,-1.3308177344315801,2957.389334,44.85,3.603423076923077,4.392782095327041
Morocco,2009,1.465,-20.16863000896957,2965.345722,34.36,0.8794230769230769,4.567937445421397
Morocco,2010,1.687,45.14173419181824,2970.215973,46.6,1.9614230769230758,4.548107095100423
Morocco,2011,2.001,4.967100337384413,3223.111994,48.07,6.6814230769230765,4.6057308379673
Morocco,2016,2.009,-1.651602880980511,3178.058724,30.99,1.8014230769230775,5.416356275303643
Morocco,2017,2.748,2.053812917874147,3336.528682,47.63,-4.300576923076924,5.709169304689402
Morocco,2018,0.827,0.642913239157535,3544.390867,49.2,4.823423076923076,5.5860930681629934
Morocco,2019,1.825,3.9639351380528987,3551.091236,45.23,0.7054230769230774,5.958751660269634
Myanmar,2016,1.139,-0.2785391570245386,1290.569013,16.47,14.16915384615379,11.010023510971786
Myanmar,2017,1.106,0.7527351813598465,1304.481669,34.08,21.825153846153796,12.479316050744622
Myanmar,2018,0.818,0.08557291527772096,1397.812805,43.43,-3.612846153846192,12.63072532953876
Myanmar,2019,1.622,1.2717316964144592,1400.369087,55.9,-28.610846153846182,12.743270104935512
Myanmar,2020,1.668,0.08291624950367751,1465.993362,59.54,-7.582846153846219,13.204930662557782
Nepal,2006,0.243,10.499800391461903,362.467644,5.33,-20.15269230769232,24.635603345280764
Nepal,2007,0.469,-3.306871057297748,444.527989,1.5299999999999998,-16.062692307692345,25.42006721075372
Nepal,2008,-0.161,3.5805952312789433,477.660418,1.28,33.33530769230768,25.86705202312139
Nepal,2009,0.866,1.6498860460795244,524.639224,17.060000000000002,-34.86069230769232,26.40096618357488
Nepal,2010,0.897,1.9344369929113345,676.124876,23.45,7.80730769230766,29.738245273873
Netherlands (Kingdom of the),2005,0.984,-4.905225338786372,42127.827463,189.52,10.203846153846158,4.799504567270476
Netherlands (Kingdom of the),2007,0.994,9.33766202512286,51700.691261,167.43,25.74984615384615,10.551608859172584
Netherlands (Kingdom of the),2010,0.598,-5.912294357501216,50944.751423,162.91,10.939846153846148,7.317203439619719
Netherlands (Kingdom of the),2013,0.834,-6.565518537892884,51989.400521,120.46,-4.69215384615385,5.509850617016671
Netherlands (Kingdom of the),2016,2.252,-1.7219718331936622,45754.793012,157.62,-1.352153846153854,11.074380165289256
Netherlands (Kingdom of the),2018,2.909,-20.372943941565474,52877.543522,148.1,-25.486153846153847,13.998902907295664
Netherlands (Kingdom of the),2019,1.786,14.744258253986004,52420.699957,147.13,-3.5801538461538485,16.34191985909291
Nigeria,2002,1.204,0.6469115191986651,736.098355,3.68,-7.482807692307688,0.3345337952832482
Nigeria,2007,0.928,-21.88340091029271,1858.643065,3.69,8.507192307692321,0.3287951191656899
Nigeria,2012,0.102,3.1768978907867855,2701.005188,7.140000000000001,16.567192307692324,0.3251452602796725
Nigeria,2017,0.985,5.285436651151998,1941.873934,17.16,9.907192307692327,0.3215802701391849
Norway,2004,0.955,11.040836027840745,57598.947681,214.0,4.751538461538459,4.230769230769231
Norway,2005,0.641,-17.502616015377665,66804.727578,217.6,7.4355384615384565,4.150579150579151
Norway,2006,1.954,16.834151734455396,74141.412465,215.16000000000005,-8.796461538461543,5.410628019323672
Norway,2007,0.639,-15.351646832360233,85132.779473,219.19,13.113538461538454,5.329457364341085
Norway,2010,0.487,4.063030688503734,87685.020222,169.07999999999998,3.663538461538465,4.334426881399741
Norway,2012,-0.052,4.969212431285612,101514.371855,186.31,10.137538461538455,1.9802578565672848
Norway,2013,1.777,4.645810953185078,102892.283439,190.12,-1.258461538461546,1.9703329649975665
Norway,2016,1.616,13.521523674204314,70431.316857,203.64,0.9355384615384565,3.4259770388375674
Pakistan,2001,0.578,-2.8968020481289227,460.179946,92.1,-1.6383846153846129,48.19863680623174
Pakistan,2002,0.743,0.18600340859442344,492.170614,95.74,-12.248384615384616,48.91009651881575
Pakistan,2003,0.207,2.1533733464199303,545.25666,98.9,12.343615384615383,49.45442701264861
Pakistan,2004,0.492,5.144927633298637,611.501771,108.15,-8.990384615384613,52.10153974198918
Pakistan,2005,0.209,2.3330701275918164,675.041511,120.31,-4.270384615384614,52.77352982065897
Pakistan,2006,0.649,-26.18873745275574,765.539065,122.44,4.505615384615389,52.94036252940363
Pakistan,2007,0.345,45.01339094483373,846.138799,115.24,1.6016153846153856,53.03640352095077
Pakistan,2008,0.37,-14.96837573396329,832.040859,115.8,5.437615384615384,54.6257752102625
Pakistan,2009,0.934,23.2748679224783,880.32672,140.24,-8.724384615384615,55.05003259914392
Pakistan,2010,0.35,11.819094211761524,940.887305,134.41,26.481615384615388,55.72895976391805
Pakistan,2011,0.803,-3.3623647305441327,1130.714274,125.05,1.245615384615384,51.95347284060552
Pakistan,2012,0.528,-16.32830894930671,1139.543613,114.25,-5.972384615384616,51.46549094639936
Pakistan,2013,0.652,18.89459611650424,1165.279245,132.19,2.677615384615386,49.44873208379272
Pakistan,2014,0.691,-16.76292577841685,1314.024785,131.35,-8.188384615384614,51.27992938320645
Pakistan,2015,0.203,29.163057879642,1407.879288,133.94,9.375615384615386,51.73747306778631
Pakistan,2016,1.087,-4.304877611304253,1462.846027,140.91,-0.04838461538461303,50.55443822362342
Pakistan,2017,0.745,-4.387751160618318,1558.080077,148.7,-4.356384615384613,49.23925087155096
Pakistan,2018,0.918,10.347923772998568,1464.022591,148.93,-10.898384615384614,50.41539252564068
Pakistan,2019,0.809,5.143395577588408,1307.333501,148.53,1.1016153846153856,50.463893400875484
Pakistan,2020,0.867,-1.310728358719349,1292.941949,151.28,7.267615384615382,52.66454265719032
Philippines,2006,0.696,-0.1425007584237299,1452.22142,73.43,-19.33415384615381,8.333333333333332
Philippines,2007,0.813,17.11082067202579,1741.603505,81.9,-7.7641538461538175,8.227311280746395
Philippines,2008,0.372,1.6703890357323405,1990.356146,54.43,49.36584615384618,9.067443796835969
Philippines,2009,0.591,-0.6554882927632232,1893.281623,63.02,20.871846153846207,9.396694214876034
Philippines,2010,1.132,1.729849300564814,2201.776819,75.71000000000001,-14.80415384615381,9.107438016528926
Philippines,2011,0.634,-3.78337063287643,2431.199965,73.37,90.2638461538462,9.265905383360522
Poland,2005,0.677,-10.176543022201173,7936.193996,131.28,-4.995807692307693,0.4463724380736829
Poland,2007,1.329,37.642653183654694,11137.068654,146.48000000000002,11.004192307692307,0.4654470230784148
Poland,2010,1.012,10.375770070700728,12324.591635,145.03,34.05219230769231,0.3183611322582877
Poland,2013,1.076,-13.590222686713235,13359.165247,143.44,10.296192307692309,0.527411519777932
Poland,2016,1.954,36.20103299500021,12198.255508,151.98,-6.235807692307695,0.9231946570196188
Portugal,2005,2.173,-13.3301154386208,18737.006975,81.28,-15.306192307692308,11.872726464411896
Portugal,2007,0.608,4.1137217796877295,22732.224344,124.28,10.137807692307693,15.944079630256876
Portugal,2010,1.87,-8.569245759621488,22466.178634,91.83,-2.0501923076923063,12.75255393153575
Portugal,2013,1.357,2.447292080886967,21632.065075,101.24,-8.610192307692309,12.96371349058388
Portugal,2016,2.064,-2.0698673691060754,19964.284715,105.57,1.5158076923076926,13.099090087675428
Portugal,2019,1.312,13.637842381979196,23322.518802,98.47,-15.454192307692308,14.333058137528967
Romania,2001,0.938,17.434683228081834,1853.191764,37.46,10.867807692307679,2.2097580754155963
Romania,2002,1.42,-0.2539703954700869,2127.389781,33.08,-0.518192307692317,3.29329194223242
Romania,2003,2.04,-3.0227862797528324,2691.007009,36.81,-21.352192307692313,3.8445945945945943
Romania,2004,0.121,18.926553813625166,3521.661585,40.67,8.495807692307679,2.314225053078556
Romania,2005,0.552,-21.31922942727712,4667.795476,48.59,22.36780769230768,0.3244005641748942
Romania,2006,0.727,8.260872022930975,5835.830568,38.58,6.53380769230769,0.6873708953629176
Romania,2007,2.093,-3.981891375665134,8416.257578,42.38,-0.3041923076923183,2.347762289068232
Romania,2008,1.007,3.1377813946932545,10405.005019,43.34,-0.3181923076923141,1.8849933988558016
Romania,2009,1.579,9.486015139900397,8506.770418,46.08,-12.198192307692317,2.1731150429483885
Romania,2010,1.528,-13.556815973936315,8361.327503,50.01,19.77780769230769,0.5884430630121503
Romania,2011,1.644,23.46151470625396,9525.758843,51.6,-15.152192307692317,0.7402374481476184
Romania,2012,3.011,-34.43805197315598,8895.656923,47.38,-12.114192307692313,1.2080390300735455
Romania,2013,1.361,47.23870870628606,9457.994294,53.53,2.8558076923076783,1.300970873786408
Romania,2014,0.899,9.590443564997358,9987.768466,49.14,11.447807692307677,1.0484454085321764
Romania,2015,2.307,-20.707866090393757,8936.159543,57.88,-15.34019230769232,1.248376389089335
Romania,2016,1.64,4.887604651193668,9358.990804,57.13,4.215807692307678,1.1315731084978922
Romania,2017,1.843,25.925708956620237,10667.990723,64.91,-4.920192307692318,1.584691284197937
Romania,2018,2.39,-4.09568068037193,12409.789537,79.19,-4.636192307692312,1.990457730729089
Romania,2019,2.034,-13.508865865742775,12856.744768,79.92999999999999,-9.39219230769232,2.075799218863012
Romania,2020,1.751,5.0580611756137515,12928.816109,83.11,2.1458076923076845,3.6247988351597824
Senegal,2002,1.324,64.04522667592612,684.953855,11.61,-45.009269230769235,0.64
Senegal,2003,0.722,-49.97461737035957,838.474407,10.75,22.534730769230777,0.6255792400370713
Senegal,2004,0.831,15.955414012738864,940.185793,12.5,-2.6172692307692387,0.6906872337976286
Senegal,2005,1.22,-8.875695207360614,1002.788215,9.72,40.39673076923077,0.7634457611668186
Senegal,2006,1.056,46.760566251184784,1037.65652,2.27,2.4187307692307627,0.7420494699646644
Spain,2001,1.17,0.28147893341562613,15312.070918,121.69,-3.830923076923078,12.625338753387531
Spain,2002,0.375,7.5152861045442405,17007.383923,118.69,10.061076923076918,12.848839185560353
Spain,2003,2.381,-5.677611361463637,21440.951771,126.89,-6.036923076923081,12.26974925393613
Spain,2004,1.411,3.0370524732001747,24840.503743,119.97,-2.242923076923077,11.743662068728286
Spain,2005,1.853,-0.6461032143468725,26399.155392,102.86,-14.130923076923079,11.70964202441366
Spain,2006,2.068,6.884294985448413,28347.571139,102.99,-2.306923076923077,11.603117464089747
Spain,2007,0.764,0.28341747157586306,32534.647493,114.11,3.541076923076922,11.848307384659334
Spain,2008,0.746,-9.35995339819484,35358.004268,77.03,10.431076923076922,11.938739250941651
Spain,2009,1.917,21.50519589093891,32037.20919,70.36,-11.254923076923081,11.465856274579906
Spain,2010,1.331,-7.733447774405823,30505.421366,95.06,1.2510769230769228,12.002178253766564
Spain,2011,1.688,4.591844423802717,31645.562337,89.69,-8.836923076923082,12.11964166728363
Spain,2012,1.861,-0.9823215308364951,28334.848833,87.85,-8.624923076923078,13.005715982480885
Spain,2013,0.888,1.6362196813223655,29079.263405,102.09,-5.00692307692308,14.184609399548126
Spain,2014,1.268,8.26023382992255,29484.754405,108.12,-2.786923076923081,14.402889607946424
Spain,2015,2.164,-4.853427493508254,25751.485311,108.23,-7.008923076923079,13.539856640264896
Spain,2016,1.892,-2.2850710951563675,26525.277686,104.27,-11.11692307692308,13.759770346878248
Spain,2017,2.367,1.4697651071591644,28190.806667,112.18,-5.042923076923081,13.933546880401346
Spain,2018,1.797,-5.697386185484081,30383.428978,111.76,3.6070769230769173,14.145419482054375
Spain,2019,1.723,13.767985491173695,29583.693323,110.99,-8.156923076923078,14.609807313862056
Spain,2020,2.241,-7.44795185052296,26960.727326,111.75,-2.0329230769230833,14.65491349933808
Sweden,2003,1.456,-2.5203638432467157,37308.131027,99.03,-3.273076923076921,1.7080576597308783
Sweden,2005,0.866,0.6218228133792681,43330.761583,88.03,5.258923076923082,1.5259902536548795
Sweden,2007,0.787,0.22361828158650107,53605.433113,89.62,8.662923076923079,1.7357172610464928
Sweden,2010,0.833,-5.3406047290453165,52848.740231,81.97,10.81892307692307,2.049647005237987
Sweden,2013,1.725,3.607558527676872,60819.355116,84.53,-4.3230769230769255,1.7094411214460752
Sweden,2016,1.656,2.8463247876483777,51807.319255,97.76,-0.6030769230769266,1.6882274274062206
Switzerland,2010,0.829,-16.77929939579857,77141.515833,144.56,17.87269230769232,2.3592119111265326
Switzerland,2013,1.15,-20.70365531358922,88120.151351,134.22,1.3866923076923001,2.2499688927314465
Switzerland,2016,1.859,-4.996708661063665,83077.645625,139.7,13.3986923076923,2.1645869014500976
Switzerland,2020,2.082,18.621320264436914,87079.725151,115.32,-12.301307692307688,3.288657247435816
Syrian Arab Republic,2003,1.304,-7.669472590283186,1184.324103,64.04,-2.6159999999999997,9.85303699413596
Syrian Arab Republic,2004,0.598,0.9183478037661997,1357.321338,61.88,-0.7379999999999995,10.348795397339089
Syrian Arab Republic,2005,0.584,3.944174917889786,1528.071106,71.4,1.134,10.312409603702632
Syrian Arab Republic,2006,1.382,5.546756187781836,1703.828742,70.66,-1.7239999999999998,10.103048209267133
Syrian Arab Republic,2007,1.824,-15.734202665175312,1945.21431,67.2,3.052,10.045333525221272
Syrian Arab Republic,2008,1.356,8.590848452821403,2447.507162,72.98,-0.6379999999999999,9.756799539502088
Syrian Arab Republic,2009,0.607,1.6314746647092067,2479.094234,53.94,0.18000000000000016,8.901351740005751
Syrian Arab Republic,2010,2.275,-3.608188026012061,2706.880427,27.160000000000004,-1.9779999999999998,9.64193270060397
Syrian Arab Republic,2011,0.976,3.6924026131420464,2960.442805,40.55,0.20400000000000018,10.05389867049946
Syrian Arab Republic,2012,1.837,1.445213085380014,2071.969268,24.62,0.26000000000000023,10.257883772717475
Syrian Arab Republic,2013,1.301,-4.0956977130633625,1256.811526,11.02,0.5420000000000003,9.410243516988723
Syrian Arab Republic,2016,1.902,2.6986710323995413,700.788446,3.37,0.18800000000000017,7.214428785712346
Syrian Arab Republic,2017,2.206,1.7196899334701314,889.402601,2.83,-0.7939999999999996,6.815358385336929
Syrian Arab Republic,2018,1.949,9.644125794342454,1142.710475,4.83,5.363999999999999,6.995759640537997
Syrian Arab Republic,2019,2.138,1.317352116462549,1323.334818,5.8,-1.4459999999999997,7.282845771656405
Syrian Arab Republic,2020,2.236,-8.12550038107113,1117.247318,5.41,1.416,7.279326024108023
Tunisia,2001,1.68,10.587663914521617,2207.660688,20.37,2.121615384615385,3.642488683019265
Tunisia,2002,1.399,-9.379117259552048,2292.483168,20.78,1.1916153846153836,3.6771484174946223
Tunisia,2003,2.313,-0.9865470852017891,2693.195918,22.42,0.9836153846153834,3.5568274734260017
Tunisia,2004,0.522,11.470274593441744,3029.849579,24.08,-0.5043846153846161,3.6215666327568665
Tunisia,2005,1.557,-20.23391812865497,3106.575832,25.34,-1.2903846153846157,3.623778501628665
Tunisia,2006,1.62,18.593082005441115,3279.10282,25.09,2.8616153846153836,3.8037935957576994
Tunisia,2007,1.589,-0.7973662918840486,3678.061523,25.55,-1.078384615384616,3.885772565017848
Tunisia,2008,1.747,2.596683834824259,4200.17378,22.97,0.9896153846153837,4.00769152919745
Tunisia,2009,1.534,-3.266116896406436,4029.461206,26.53,5.957615384615384,4.127081417918071
Tunisia,2010,1.176,7.719939827782968,4043.200958,25.82,-0.8283846153846159,3.8951982466626816
Tunisia,2011,1.106,-4.310922492740672,4201.342698,26.25,-0.3983846153846162,3.762907069102462
Tunisia,2012,2.267,0.9775870290891782,4126.678134,27.53,-3.150384615384615,3.8399516226567214
Tunisia,2013,0.987,6.79166666666667,4239.541805,22.48,-0.5243846153846157,3.942472090918234
Turkey,2002,0.933,5.014523828788739,3640.761834,65.72,4.499076923076927,12.658996019030974
Turkey,2003,1.287,3.6533941724666006,4704.772007,75.7,-6.598923076923075,12.830922153331365
Turkey,2004,0.529,-1.5654998576204608,6031.790312,76.86,-3.502923076923075,12.65469546226644
Turkey,2005,0.962,-0.6583935057261608,7369.431292,77.71,1.1090769230769233,12.650704703684838
Turkey,2006,1.473,3.5782860193296893,8003.812179,81.56,-3.468923076923076,12.878769169979998
Turkey,2007,2.222,0.12496914279997509,9668.399445,79.78,-6.540923076923075,13.200860650550563
Turkey,2008,1.401,2.360512270627028,10802.600475,63.31,-2.342923076923075,13.330095598384542
Turkey,2009,0.536,8.142233173200855,8989.735887,91.9,1.7530769230769252,13.402379789776669
Turkey,2010,2.374,5.659428496606581,10614.984568,86.23,-0.28292307692307617,13.367681738952117
Turkey,2011,0.82,0.22848150859313973,11308.371736,78.18,6.853076923076927,13.63505634428844
Turkey,2012,1.932,-13.472669555413749,11697.474363,86.8,2.037076923076924,13.578253964121124
Turkey,2013,1.256,12.463037774219684,12507.803157,97.12,-6.3629230769230745,13.572599744944434
Turkey,2014,1.447,2.900575321012433,12020.349661,91.08,13.725076923076927,13.52648233646314
Turkey,2015,0.029,-4.618605376516949,10851.920106,92.03,7.5290769230769214,13.527534953697698
Turkey,2016,1.572,6.0625589503004935,10734.25647,118.39,10.115076923076927,13.60624086829472
Turkey,2017,1.959,2.3648564256684166,10464.007788,113.26,0.3130769230769239,13.736697924349384
Turkey,2018,2.162,-0.36287103396512277,9400.836338,93.36,11.509076923076925,13.795566372149622
Turkey,2019,1.809,5.666437761491143,9103.012397,106.77,0.19107692307692403,13.82702301410542
Turkey,2020,2.011,-0.6590929391785678,8561.064333,126.63,2.987076923076927,13.810179545574917
United Kingdom of Great Britain and Northern Ireland,2003,1.536,-7.427802033522417,34479.656616,242.36,-15.17265384615385,1.338759141306912
United Kingdom of Great Britain and Northern Ireland,2005,0.902,2.4415848559103996,42144.013007,224.05,-6.136653846153848,1.2290634583628215
United Kingdom of Great Britain and Northern Ireland,2007,0.446,-3.3568542697724753,50489.101171,195.88,25.17734615384616,0.7831359437864792
United Kingdom of Great Britain and Northern Ireland,2010,0.65,-1.1991190146014974,39697.19481,187.81,3.7973461538461635,0.3855085926614027
United Kingdom of Great Britain and Northern Ireland,2013,0.876,33.84565793444754,43331.50362,179.9,-11.650653846153844,0.2836488852303162
United Kingdom of Great Britain and Northern Ireland,2018,1.593,-15.135780912558,43324.137862,189.76,-17.156653846153844,0.4139050939118782
United States of America,2002,0.764,0.9621586036005889,37902.196805,95.1,-5.322269230769237,5.419014971045649
United States of America,2007,1.071,0.7680008329436596,47810.218316,101.98,-5.044269230769238,5.548159946674107
United States of America,2008,0.169,0.008434141373645057,48315.694887,83.86,0.14973076923075723,5.409801794733201
United States of America,2012,1.086,2.425100529454082,51330.813807,114.26,-6.322269230769237,5.604331879912337
United States of America,2017,0.809,-0.5182168122501482,59059.596403,108.29,4.759730769230757,5.785517294014396
Venezuela (Bolivarian Republic of),2007,0.813,-0.5572872969016994,8369.243137,111.29,18.984153846153845,3.168050466162624
Argentina,2002,0.066,-11.425210652972147,2918.925923,29.18,8.464769230769235,1.053531194157408
Argentina,2018,1.325,1.6633425940222872,11816.649537,56.12,-1.9332307692307609,1.199574744802525
Australia,2001,0.315,15.501616591579568,20315.205953,80.01,-1.3546923076923036,0.5499231950844854
Australia,2002,0.876,6.9150089678867195,22392.529762,74.91,-10.072692307692307,0.5693512304250559
Australia,2003,1.014,-1.1156707879809582,28432.715176,73.39,2.167307692307695,0.5410693970420933
Australia,2004,0.812,4.41760851387226,34138.746533,74.38,4.265307692307694,0.6082460129752397
Australia,2005,1.272,-5.146284879925233,37816.725881,65.96,-17.198692307692305,0.5862564902615606
Australia,2006,0.774,2.964236915620907,40040.365099,67.0,-1.8826923076923023,0.6220345857093296
Australia,2007,0.937,0.32356706183255174,47366.290522,69.63,-2.532692307692308,0.4827346428002124
Australia,2008,0.292,7.247084693482406,49790.705543,61.54,6.299307692307693,0.4754834467026982
Australia,2009,1.129,-5.109227228754315,46952.09052,48.82,11.121307692307695,0.4582870318562836
Australia,2010,0.583,-2.878400141571893,59089.279957,61.35,21.2713076923077,0.4891437195115471
Australia,2011,0.276,-0.12714151334027246,69214.438024,54.52,7.865307692307695,0.4955556509248436
Australia,2012,0.725,9.035466026605974,69993.686218,55.67,-4.000692307692304,0.5531213508458287
Australia,2013,1.236,0.7429523877481722,66774.6446,58.74,-8.418692307692304,0.6396341873444961
Australia,2014,1.247,2.9928768653946447,62347.785913,64.54,0.8153076923076981,0.6306503606883124
Australia,2015,1.091,-1.1256467759755258,52276.912172,64.14,-0.8926923076923075,0.6173463671905297
Australia,2016,1.232,2.9540196760764075,54037.31865,72.25,-9.372692307692304,0.6266746837438194
Australia,2017,0.902,-3.6028156578396877,57430.803788,72.38,-0.812692307692302,0.6034902390025737
Australia,2018,1.599,2.6044562584857442,58225.161687,69.43,-3.924692307692304,0.6402986946042714
Australia,2019,1.965,-5.420071239556665,54267.088199,68.06,-15.114692307692302,0.5393445653103507
Australia,2020,1.37,5.277010313555171,55774.158289,67.89,-0.09669230769230808,0.4275173916098658
Bolivia (Plurinational State of),2017,0.91,-0.7022619920490225,3280.01179,8.47,-11.02284615384616,0.7889243410806084
Brazil,2006,0.861,1.6843372730836355,5866.024313,142.13,8.886307692307696,1.945394429375718
Brazil,2017,1.084,4.3115496715277954,9896.717511,230.14,-7.285692307692301,2.914134075429355
Chile,2007,-0.004,-30.780969554331133,10524.420559,268.2,-4.0560000000000045,6.953979150775489
Colombia,2011,0.388,0.5379356907037554,7392.452361,271.54999999999995,55.27315384615386,0.9443685434193811
Colombia,2013,0.639,2.1784473576019896,8264.126896,260.98,-4.760846153846131,1.4517266309053098
Ecuador,2002,0.783,-49.83440455907247,2184.209244,87.68,41.334307692307675,8.584779706275034
Ecuador,2003,0.859,53.599829734349605,2438.343759,81.91,13.938307692307689,9.268965517241378
Ecuador,2004,0.974,-4.470901263770124,2703.565671,110.1,-43.163692307692315,9.525707453168591
Ecuador,2005,0.887,-2.68050491412874,3014.310009,77.87,-31.139692307692314,10.026666666666667
Ecuador,2006,0.809,0.14333803738761822,3340.840903,104.74,-18.75169230769231,10.22299838796346
Ecuador,2007,0.916,-2.5029267524774106,3579.032244,98.52,-26.101692307692304,10.752833243389098
Ecuador,2008,0.563,-9.712202079239383,4260.433184,105.85,10.350307692307695,10.18132975151108
Ecuador,2009,0.744,-4.696984828074804,4240.702593,88.14,-30.613692307692304,12.635379061371845
Ecuador,2010,0.96,49.360408445297594,4640.246344,116.01,42.810307692307674,12.5638529148939
Ecuador,2011,0.705,-11.061265947017652,5202.656459,125.52,41.830307692307684,12.768679979853252
Ecuador,2012,0.482,6.850504641380163,5678.455721,115.54,59.79230769230767,12.628381888662432
Ecuador,2013,0.521,-11.974193010686982,6050.354611,105.89,-13.073692307692312,12.578197790496471
Ecuador,2014,0.787,73.38176582154044,6374.631486,139.8,-38.149692307692305,16.639269406392692
Ecuador,2015,1.217,5.549726802200386,6130.586676,106.68,-2.2476923076923185,15.667645534634651
Ecuador,2016,1.371,6.550252625891781,6079.088736,139.61,-4.941692307692307,16.279912980420594
Ecuador,2017,0.991,-10.419262900896916,6246.404252,155.11,39.318307692307684,17.280858676207515
Ecuador,2018,0.925,-4.637919644592702,6321.349401,176.33,-27.31169230769231,15.895741556534508
Ecuador,2019,1.338,14.883977523075018,6233.258167,155.07999999999998,33.324307692307684,17.4484052532833
Ecuador,2020,1.366,17.25860695963661,5645.19929,151.82,-0.9496923076923167,18.45018450184502
Mozambique,2001,0.536,0.9112859012096729,296.286814,5.85,19.334384615384607,0.1063400940963834
New Zealand,2002,-0.185,1.1911207363291891,15833.621231,104.51,7.403153846153842,3.193505341574296
New Zealand,2007,0.045,11.700181726100043,32498.315627,123.56,-33.94684615384615,4.431096021589623
New Zealand,2014,0.282,0.5744678851081797,44595.65819,97.53,3.629153846153841,6.297229219143577
South Africa,2010,0.775,0.7863359137313067,8059.562841,46.79,9.90703846153847,1.58735073433033
South Africa,2011,0.334,2.189919498447288,8737.04111,52.5,7.597038461538467,1.661236433062859
Uganda,2013,0.97,-8.954952161439184,665.322918,1.85,11.603538461538463,0.0733957682969129
Uruguay,2006,0.86,-8.786984156071075,5893.384947,130.92,0.217192307692315,1.1500510377679485
Uruguay,2007,0.684,-13.515713043304181,7033.049382,122.82,-14.210807692307682,1.0790378006872854
Uruguay,2008,1.249,13.355402209334388,9102.232148,92.3,-47.01880769230769,1.2266593975739404
Uruguay,2009,0.826,-4.898724965716813,9467.535279,83.36,-1.6548076923076849,1.1678142297826382
Uruguay,2010,0.698,24.78720407919041,12015.732221,128.8,10.907192307692313,1.2332848333679762
Uruguay,2011,0.92,-11.599124917654636,14465.867297,116.5,-21.484807692307683,1.3768415255404105
Uruguay,2012,1.314,23.80533930608624,15632.52787,157.49,5.4211923076923085,1.4047903350424948
Uruguay,2016,1.279,16.82096096641124,16766.425259,135.5,10.56719230769231,1.563233861187637
Uruguay,2017,1.15,-1.6818243289408785,18769.787523,138.98,-5.180807692307695,1.5678940300501305
Uruguay,2018,1.671,5.557003296659515,18825.309336,165.53,5.1311923076923165,1.5714406516898274
